,itemName,itemType
0, Academy Glintstone Key,Key Items
1, Academy Glintstone Staff,Weapons
2, Academy Scroll,Key Items
3, Adula’s Moonblade,Spells
4, Aeonian Butterfly,Crafting Materials
5, Agheel’s Flame,Spells
6, Alabaster Lord’s Sword,Weapons
7, Alberich’s Bracers,Armor
8, Alberich’s Pointed Hat,Armor
9, Alberich’s Pointed Hat (Altered),Armor
10, Alberich’s Robe,Armor
11, Alberich’s Robe (Altered),Armor
12, Alberich’s Trousers,Armor
13, Albinauric Ashes,Spirit Ashes
14, Albinauric Bow,Weapons
15, Albinauric Mask,Armor
16, Albinauric Shield,Weapons
17, Albinauric Staff,Weapons
18, All-Knowing Armor,Armor
19, All-Knowing Armor (Altered),Armor
20, All-Knowing Gauntlets,Armor
21, All-Knowing Greaves,Armor
22, All-Knowing Helm,Armor
23, Ambush Shard,Spells
24, Ancestral Follower Ashes,Spirit Ashes
25, Ancestral Spirit’s Horn,Talismans
26, Ancient Death Rancor,Spells
27, Ancient Dragon Knight Kristoff,Spirit Ashes
28, Ancient Dragons’ Lightning Spear,Spells
29, Ancient Dragons’ Lightning Strike,Spells
30, Ant’s Skull Plate,Weapons
31, Antspur Rapier,Weapons
32, Arbalest,Weapons
33, Archer Ashes,Spirit Ashes
34, Aristocrat Boots,Armor
35, Aristocrat Coat,Armor
36, Aristocrat Garb,Armor
37, Aristocrat Garb (Altered),Armor
38, Aristocrat Hat,Armor
39, Aristocrat Headband,Armor
40, Armor,Armor
41, Armorer’s Cookbook [1],Key Items
42, Armorer’s Cookbook [2],Key Items
43, Armorer’s Cookbook [6],Key Items
44, Arrow’s Reach Talisman,Talismans
45, Arrow’s Sting Talisman,Talismans
46, Arsenal Charm,Talismans
47, Arsenal Charm +1,Talismans
48, Arteria Leaf,Crafting Materials
49, Ash of War: Assassin’s Gambit,Ashes of War
50, Ash of War: Barbaric Roar,Ashes of War
51, Ash of War: Barrage,Ashes of War
52, Ash of War: Barricade Shield,Ashes of War
53, Ash of War: Beast’s Roar,Ashes of War
54, Ash of War: Black Flame Tornado,Ashes of War
55, Ash of War: Blood Blade,Ashes of War
56, Ash of War: Blood Tax,Ashes of War
57, Ash of War: Bloodhound’s Step,Ashes of War
58, Ash of War: Bloody Slash,Ashes of War
59, Ash of War: Braggart’s Roar,Ashes of War
60, Ash of War: Carian Grandeur,Ashes of War
61, Ash of War: Carian Greatsword,Ashes of War
62, Ash of War: Carian Retaliation,Ashes of War
63, Ash of War: Charge Forth,Ashes of War
64, Ash of War: Chilling Mist,Ashes of War
65, Ash of War: Cragblade,Ashes of War
66, Ash of War: Determination,Ashes of War
67, Ash of War: Double Slash,Ashes of War
68, Ash of War: Earthshaker,Ashes of War
69, Ash of War: Enchanted Shot,Ashes of War
70, Ash of War: Endure,Ashes of War
71, Ash of War: Eruption,Ashes of War
72, Ash of War: Flame of the Redmanes,Ashes of War
73, Ash of War: Flaming Strike,Ashes of War
74, Ash of War: Giant Hunt,Ashes of War
75, Ash of War: Glintblade Phalanx,Ashes of War
76, Ash of War: Glintstone Pebble,Ashes of War
77, Ash of War: Golden Land,Ashes of War
78, Ash of War: Golden Parry,Ashes of War
79, Ash of War: Golden Slam,Ashes of War
80, Ash of War: Golden Vow,Ashes of War
81, Ash of War: Gravitas,Ashes of War
82, Ash of War: Ground Slam,Ashes of War
83, Ash of War: Hoarah Loux’s Earthshaker,Ashes of War
84, Ash of War: Hoarfrost Stomp,Ashes of War
85, Ash of War: Holy Ground,Ashes of War
86, Ash of War: Ice Spear,Ashes of War
87, Ash of War: Impaling Thrust,Ashes of War
88, Ash of War: Kick,Ashes of War
89, Ash of War: Lifesteal Fist,Ashes of War
90, Ash of War: Lightning Ram,Ashes of War
91, Ash of War: Lightning Slash,Ashes of War
92, Ash of War: Lion’s Claw,Ashes of War
93, Ash of War: Loretta’s Slash,Ashes of War
94, Ash of War: Mighty Shot,Ashes of War
95, Ash of War: No Skill,Ashes of War
96, Ash of War: Parry,Ashes of War
97, Ash of War: Phantom Slash,Ashes of War
98, Ash of War: Piercing Fang,Ashes of War
99, Ash of War: Poison Moth Flight,Ashes of War
100, Ash of War: Poisonous Mist,Ashes of War
101, Ash of War: Prayerful Strike,Ashes of War
102, Ash of War: Prelate’s Charge,Ashes of War
103, Ash of War: Quickstep,Ashes of War
104, Ash of War: Rain of Arrows,Ashes of War
105, Ash of War: Raptor of the Mists,Ashes of War
106, Ash of War: Repeating Thrust,Ashes of War
107, Ash of War: Royal Knight’s Resolve,Ashes of War
108, Ash of War: Sacred Blade,Ashes of War
109, Ash of War: Sacred Order,Ashes of War
110, Ash of War: Sacred Ring of Light,Ashes of War
111, Ash of War: Seppuku,Ashes of War
112, Ash of War: Shared Order,Ashes of War
113, Ash of War: Shield Bash,Ashes of War
114, Ash of War: Shield Crash,Ashes of War
115, Ash of War: Sky Shot,Ashes of War
116, Ash of War: Spectral Lance,Ashes of War
117, Ash of War: Spinning Slash,Ashes of War
118, Ash of War: Spinning Strikes,Ashes of War
119, Ash of War: Spinning Weapon,Ashes of War
120, Ash of War: Square Off,Ashes of War
121, Ash of War: Stamp (Sweep),Ashes of War
122, Ash of War: Stamp (Upward Cut),Ashes of War
123, Ash of War: Storm Assault,Ashes of War
124, Ash of War: Storm Blade,Ashes of War
125, Ash of War: Storm Stomp,Ashes of War
126, Ash of War: Storm Wall,Ashes of War
127, Ash of War: Stormcaller,Ashes of War
128, Ash of War: Sword Dance,Ashes of War
129, Ash of War: Thops’s Barrier,Ashes of War
130, Ash of War: Through and Through,Ashes of War
131, Ash of War: Thunderbolt,Ashes of War
132, Ash of War: Troll’s Roar,Ashes of War
133, Ash of War: Unsheathe,Ashes of War
134, Ash of War: Vacuum Slice,Ashes of War
135, Ash of War: Vow of the Indomitable,Ashes of War
136, Ash of War: War Cry,Ashes of War
137, Ash of War: Waves of Darkness,Ashes of War
138, Ash of War: White Shadow’s Lure,Ashes of War
139, Ash of War: Wild Strikes,Ashes of War
140, Ash-of-War-Scarab,Armor
141, Ashes of War,Ashes of War
142, Aspects of the Crucible: Breath,Spells
143, Aspects of the Crucible: Horns,Spells
144, Aspects of the Crucible: Tail,Spells
145, Assassin’s Approach,Spells
146, Assassin’s Cerulean Dagger,Talismans
147, Assassin’s Crimson Dagger,Talismans
148, Astrologer Gloves,Armor
149, Astrologer Hood,Armor
150, Astrologer Robe,Armor
151, Astrologer Robe (Altered),Armor
152, Astrologer Trousers,Armor
153, Astrologer’s Staff,Weapons
154, Avionette Soldier Ashes,Spirit Ashes
155, Axe of Godfrey,Weapons
156, Axe of Godrick,Weapons
157, Axe Talisman,Talismans
158, Azula Beastman Ashes,Spirit Ashes
159, Azur’s Glintstone Crown,Armor
160, Azur’s Glintstone Robe,Armor
161, Azur’s Glintstone Staff,Weapons
162, Azur’s Manchettes,Armor
163, Ballista Bolt,Ammunition
164, Bandit Boots,Armor
165, Bandit Garb,Armor
166, Bandit Manchettes,Armor
167, Bandit Mask,Armor
168, Bandit’s Curved Sword,Weapons
169, Banished Knight Armor,Armor
170, Banished Knight Armor (Altered),Armor
171, Banished Knight Engvall,Spirit Ashes
172, Banished Knight Gauntlets,Armor
173, Banished Knight Greaves,Armor
174, Banished Knight Helm,Armor
175, Banished Knight Helm (Altered),Armor
176, Banished Knight Oleg,Spirit Ashes
177, Banished Knight’s Greatsword,Weapons
178, Banished Knight’s Halberd,Weapons
179, Banished Knight’s Halberd+8,Weapons
180, Banished Knight’s Shield,Weapons
181, Barrier of Gold,Spells
182, Bastard Sword,Weapons
183, Bastard’s Stars,Weapons
184, Battle Axe,Weapons
185, Battle Hammer,Weapons
186, Battlemage Hugues,Spirit Ashes
187, Battlemage Legwraps,Armor
188, Battlemage Manchettes,Armor
189, Battlemage Robe,Armor
190, Beast Champion Armor,Armor
191, Beast Champion Armor (Altered),Armor
192, Beast Champion Gauntlets,Armor
193, Beast Champion Greaves,Armor
194, Beast Champion Helm,Armor
195, Beast Claw,Spells
196, Beast Crest Heater Shield,Weapons
197, Beast Eye,Key Items
198, Beast Liver,Crafting Materials
199, Beast-Repellent Torch,Weapons
200, Beastclaw Greathammer,Weapons
201, Beastman’s Cleaver,Weapons
202, Beastman’s Curved Sword,Weapons
203, Beastman’s Jar-Shield,Weapons
204, Bestial Constitution,Spells
205, Bestial Sling,Spells
206, Bestial Vitality,Spells
207, Black Blade,Spells
208, Black Bow,Weapons
209, Black Dumpling,Armor
210, Black Flame,Spells
211, Black Flame Blade,Spells
212, Black Flame Ritual,Spells
213, Black Flame’s Protection,Spells
214, Black Hood,Armor
215, Black Knife,Weapons
216, Black Knife Armor,Armor
217, Black Knife Armor (Altered),Armor
218, Black Knife Gauntlets,Armor
219, Black Knife Greaves,Armor
220, Black Knife Hood,Armor
221, Black Knife Tiche,Spirit Ashes
222, Black Knifeprint,Key Items
223, Black Leather Shield,Weapons
224, Black Wolf Mask,Armor
225, Blackflame Monk Amon,Spirit Ashes
226, Blackflame Monk Armor,Armor
227, Blackflame Monk Gauntlets,Armor
228, Blackflame Monk Greaves,Armor
229, Blackflame Monk Hood,Armor
230, Blackguard’s Iron Mask,Armor
231, Blade of Calling,Weapons
232, Blaidd’s Armor,Armor
233, Blaidd’s Armor (Altered),Armor
234, Blaidd’s Gauntlets,Armor
235, Blaidd’s Greaves,Armor
236, Blasphemous Blade,Weapons
237, Blessed Dew Talisman,Talismans
238, Blessing of the Erdtree,Spells
239, Blessing’s Boon,Spells
240, Bloodboon,Spells
241, Bloodflame Blade,Spells
242, Bloodflame Talons,Spells
243, Bloodhound Claws,Weapons
244, Bloodhound Knight Armor,Armor
245, Bloodhound Knight Armor (Altered),Armor
246, Bloodhound Knight Floh,Spirit Ashes
247, Bloodhound Knight Gauntlets,Armor
248, Bloodhound Knight Greaves,Armor
249, Bloodhound Knight Helm,Armor
250, Bloodhound’s Fang,Weapons
251, Bloodrose,Crafting Materials
252, Bloodsoaked Manchettes,Armor
253, Bloodsoaked Mask,Armor
254, Bloodsoaked Tabard,Armor
255, Bloodstained Dagger,Weapons
256, Bloody Helice,Weapons
257, Blue Cipher Ring,Multiplayer Items
258, Blue Cloth Cowl,Armor
259, Blue Cloth Set,Armor
260, Blue Cloth Vest,Armor
261, Blue Crest Heater Shield,Weapons
262, Blue Dancer Charm,Talismans
263, Blue Festive Garb,Armor
264, Blue Festive Hood,Armor
265, Blue Silver Bracelets,Armor
266, Blue Silver Mail Armor,Armor
267, Blue Silver Mail Armor (Altered),Armor
268, Blue Silver Mail Hood,Armor
269, Blue Silver Mail Skirt,Armor
270, Blue-Feathered Branchsword,Talismans
271, Blue-Gold Kite Shield,Weapons
272, Blue-White Wooden Shield,Weapons
273, Boiled Prawn,Consumables
274, Bolt of Gransax,Weapons
275, Boltdrake Talisman,Talismans
276, Boltdrake Talisman +1,Talismans
277, Boltdrake Talisman +2,Talismans
278, Borealis’s Mist,Spells
279, Brass Shield,Weapons
280, Brave’s Battlewear,Armor
281, Brave’s Battlewear (Altered),Armor
282, Brave’s Bracer,Armor
283, Brave’s Cord Circlet,Armor
284, Brave’s Leather Helm,Armor
285, Brave’s Legwraps,Armor
286, Briar Armor,Armor
287, Briar Armor (Altered),Armor
288, Briar Gauntlets,Armor
289, Briar Greatshield,Weapons
290, Briar Greaves,Armor
291, Briar Helm,Armor
292, Briars of Punishment,Spells
293, Briars of Sin,Spells
294, Brick Hammer,Weapons
295, Broadsword,Weapons
296, Buckler,Weapons
297, Bull-Goat Armor,Armor
298, Bull-Goat Gauntlets,Armor
299, Bull-Goat Greaves,Armor
300, Bull-Goat Helm,Armor
301, Bull-Goat’s Talisman,Talismans
302," Burn, O Flame!",Spells
303, Butchering Knife,Weapons
304, Caestus,Weapons
305, Candletree Wooden Shield,Weapons
306, Cane Sword,Weapons
307, Cannon of Haima,Spells
308, Carian Filigreed Crest,Talismans
309, Carian Glintblade Staff,Weapons
310, Carian Glintstone Staff,Weapons
311, Carian Greatsword,Spells
312, Carian Knight Armor,Armor
313, Carian Knight Armor (Altered),Armor
314, Carian Knight Gauntlets,Armor
315, Carian Knight Greaves,Armor
316, Carian Knight Helm,Armor
317, Carian Knight Set,Armor
318, Carian Knight’s Shield,Weapons
319, Carian Knight’s Sword,Weapons
320, Carian Phalanx,Spells
321, Carian Piercer,Spells
322, Carian Regal Scepter,Weapons
323, Carian Retaliation,Spells
324, Carian Slicer,Spells
325, Catch Flame,Spells
326, Cave Moss,Crafting Materials
327, Celebrant’s Cleaver,Weapons
328, Celebrant’s Rib-Rake,Weapons
329, Celebrant’s Sickle,Weapons
330, Celebrant’s Skull,Weapons
331, Cerulean Amber Medallion,Talismans
332, Cerulean Amber Medallion +1,Talismans
333, Cerulean Amber Medallion +2,Talismans
334, Cerulean Crystal Tear,Key Items
335, Cerulean Seed Talisman,Talismans
336, Cerulean Tear Scarab,Armor
337, Chain Armor,Armor
338, Chain Coif,Armor
339, Chain Gauntlets,Armor
340, Chain Leggings,Armor
341, Chain-Draped Tabard,Armor
342, Chainlink Flail,Weapons
343, Champion Bracers,Armor
344, Champion Gaiters,Armor
345, Champion Headband,Armor
346, Champion Pauldron,Armor
347, Champion Set,Armor
348, Chrysalids’ Memento,Key Items
349, Cinquedea,Weapons
350, Cipher Pata,Weapons
351, Clarifying Horn Charm,Talismans
352, Clarifying Horn Charm +1,Talismans
353, Claw Talisman,Talismans
354, Clawmark Seal,Weapons
355, Clayman Ashes,Spirit Ashes
356, Clayman’s Harpoon,Weapons
357, Claymore,Weapons
358, Cleanrot Armor,Armor
359, Cleanrot Armor (Altered),Armor
360, Cleanrot Gauntlets,Armor
361, Cleanrot Greaves,Armor
362, Cleanrot Helm,Armor
363, Cleanrot Helm (Altered),Armor
364, Cleanrot Knight Finlay,Spirit Ashes
365, Cleanrot Knight’s Sword,Weapons
366, Cleanrot Spear,Weapons
367, Clinging Bone,Weapons
368, Cloth Garb,Armor
369, Cloth Trousers,Armor
370, Club,Weapons
371, Coded Sword,Weapons
372, Coil Shield,Weapons
373, Collapsing Stars,Spells
374, Comet,Spells
375, Comet Azur,Spells
376, Commander’s Standard,Weapons
377, Commoner’s Garb,Armor
378, Commoner’s Garb (Altered),Armor
379, Commoner’s Headband,Armor
380, Commoner’s Headband (Altered),Armor
381, Commoner’s Shoes,Armor
382, Commoner’s Simple Garb,Armor
383, Commoner’s Simple Garb (Altered),Armor
384, Companion Jar,Talismans
385, Composite Bow,Weapons
386, Concealing Veil,Talismans
387, Confessor Armor,Armor
388, Confessor Armor (Altered),Armor
389, Confessor Boots,Armor
390, Confessor Gloves,Armor
391, Confessor Hood,Armor
392, Confessor Hood (Altered),Armor
393, Consort’s Mask,Armor
394, Consort’s Robe,Armor
395, Consort’s Trousers,Armor
396, Corhyn’s Robe,Armor
397, Crab Eggs,Crafting Materials
398, Cracked Pot,Key Items
399, Crafting Kit,Key Items
400, Cranial Vessel Candlestand,Weapons
401, Crepus’s Black-Key Crossbow,Weapons
402, Crepus’s Vial,Talismans
403, Crescent Moon Axe,Weapons
404, Crimson Amber Medallion,Talismans
405, Crimson Amber Medallion +1,Talismans
406, Crimson Amber Medallion +2,Talismans
407, Crimson Crystal Tear,Key Items
408, Crimson Hood,Armor
409, Crimson Seed Talisman,Talismans
410, Crimson Tear Scarab,Armor
411, Crimsonburst Crystal Tear,Key Items
412, Cross-Naginata,Weapons
413, Crossed-Tree Towershield,Weapons
414, Crucible Axe Armor,Armor
415, Crucible Axe Armor (Altered),Armor
416, Crucible Axe Helm,Armor
417, Crucible Feather Talisman,Talismans
418, Crucible Gauntlets,Armor
419, Crucible Greaves,Armor
420, Crucible Hornshield,Weapons
421, Crucible Knot Talisman,Talismans
422, Crucible Scale Talisman,Talismans
423, Crucible Set,Armor
424, Crucible Tree Armor,Armor
425, Crucible Tree Armor (Altered),Armor
426, Crucible Tree Helm,Armor
427, Crystal Barrage,Spells
428, Crystal Burst,Spells
429, Crystal Dart,Tools
430, Crystal Knife,Weapons
431, Crystal Release,Spells
432, Crystal Spear,Weapons
433, Crystal Staff,Weapons
434, Crystal Sword,Weapons
435, Crystal Torrent,Spells
436, Crystalian Ashes,Spirit Ashes
437, Cuckoo Glintstone,Tools
438, Cuckoo Greatshield,Weapons
439, Cuckoo Knight Armor,Armor
440, Cuckoo Knight Armor (Altered),Armor
441, Cuckoo Knight Gauntlets,Armor
442, Cuckoo Knight Greaves,Armor
443, Cuckoo Knight Helm,Armor
444, Cuckoo Surcoat,Armor
445, Cure Poison,Spells
446, Cured Immunizing Meat,Consumables
447, Curved Club,Weapons
448, Curved Great Club,Weapons
449, Curved Sword Talisman,Talismans
450, Daedicar’s Woe,Talismans
451, Dagger,Weapons
452, Dagger Talisman,Talismans
453, Damage Negation (Holy,Armor
454, Dappled Cured Meat,Consumables
455, Dark Moon Greatsword,Weapons
456, Darkness,Spells
457, Death Lightning,Spells
458, Death Ritual Spear,Weapons
459, Death’s Poker,Weapons
460, Deathbed Dress,Armor
461, Deathbed Smalls,Armor
462, Deathroot,Key Items
463, Demi-Human Ashes,Spirit Ashes
464, Demi-Human Queen’s Staff,Weapons
465, Depraved Perfumer Carmaan,Spirit Ashes
466, Depraved Perfumer Gloves,Armor
467, Depraved Perfumer Headscarf,Armor
468, Depraved Perfumer Robe,Armor
469, Depraved Perfumer Robe (Altered),Armor
470, Depraved Perfumer Trousers,Armor
471, Devourer’s Scepter,Weapons
472, Dexterity-knot Crystal Tear,Key Items
473, Diallos’s Mask,Armor
474, Digger’s Staff,Weapons
475, Dirty Chainmail,Armor
476, Discus of Light,Spells
477, Dismounter,Weapons
478, Distinguished Greatshield,Weapons
479, Divine Fortification,Spells
480, Dolores the Sleeping Arrow Puppet,Spirit Ashes
481, Dragon Communion Seal,Weapons
482, Dragon Cult Prayerbook,Key Items
483, Dragon Greatclaw,Weapons
484, Dragon Halberd,Weapons
485, Dragon Heart,Key Items
486, Dragon King’s Cragblade,Weapons
487, Dragon Towershield,Weapons
488, Dragonbolt Blessing,Spells
489, Dragonclaw,Spells
490, Dragonclaw Shield,Weapons
491, Dragoncrest Greatshield Talisman,Talismans
492, Dragoncrest Shield Talisman,Talismans
493, Dragoncrest Shield Talisman +1,Talismans
494, Dragoncrest Shield Talisman +2,Talismans
495, Dragonfire,Spells
496, Dragonice,Spells
497, Dragonmaw,Spells
498, Dragonscale Blade,Weapons
499, Dragonwound Grease,Consumables
500, Drake Knight Armor,Armor
501, Drake Knight Armor (Altered),Armor
502, Drake Knight Gauntlets,Armor
503, Drake Knight Greaves,Armor
504, Drake Knight Helm,Armor
505, Drake Knight Helm (Altered),Armor
506, Drawstring Fire Grease,Tools
507, Drawstring Lightning Grease,Consumables
508, Duelist Greataxe,Weapons
509, Duelist Greaves,Armor
510, Duelist Helm,Armor
511, Duelist’s Furled Finger,Multiplayer Items
512, Dung Eater Puppet,Spirit Ashes
513, Dwelling Arrow,Ammunition
514, Eccentric’s Armor,Armor
515, Eccentric’s Breeches,Armor
516, Eccentric’s Hood,Armor
517, Eccentric’s Hood (Altered),Armor
518, Eccentric’s Manchettes,Armor
519, Eclipse Crest Greatshield,Weapons
520, Eclipse Crest Heater Shield,Weapons
521, Eclipse Shotel,Weapons
522, Ekzykes’s Decay,Spells
523, Elden Lord Armor,Armor
524, Elden Lord Armor (Altered),Armor
525, Elden Lord Bracers,Armor
526, Elden Lord Crown,Armor
527, Elden Lord Greaves,Armor
528, Elden Stars,Spells
529, Electrify Armament,Spells
530, Eleonora’s Poleblade,Weapons
531, Entwining Umbilical Cord,Talismans
532, Envoy Crown,Armor
533, Envoy’s Greathorn,Weapons
534, Envoy’s Horn,Weapons
535, Envoy’s Long Horn,Weapons
536, Erdleaf Flower,Crafting Materials
537, Erdsteel Dagger,Weapons
538, Erdtree Bow,Weapons
539, Erdtree Greatbow,Weapons
540, Erdtree Greatshield,Weapons
541, Erdtree Heal,Spells
542, Erdtree Seal,Weapons
543, Erdtree Surcoat,Armor
544, Erdtree’s Favor,Talismans
545, Erdtree’s Favor +1,Talismans
546, Erdtree’s Favor +2,Talismans
547, Errant Sorcerer Boots,Armor
548, Errant Sorcerer Manchettes,Armor
549, Errant Sorcerer Robe,Armor
550, Errant Sorcerer Robe (Altered),Armor
551, Estoc,Weapons
552, Eternal Darkness,Spells
553, Exalted Flesh,Consumables
554, Executioner’s Greataxe,Weapons
555, Exile Armor,Armor
556, Exile Gauntlets,Armor
557, Exile Greaves,Armor
558, Exile Hood,Armor
559, Explosive Ghostflame,Spells
560, Eye of Yelough,Crafting Materials
561, Eye Surcoat,Armor
562, Faith-knot Crystal Tear,Key Items
563, Faithful’s Canvas Talisman,Talismans
564, Falchion,Weapons
565, Fallingstar Beast Jaw,Weapons
566, Family Heads,Weapons
567, Fanged Imp Ashes,Spirit Ashes
568, Fell Omen Cloak,Armor
569, Festering Bloody Finger,Multiplayer Items
570, Festive Garb,Armor
571, Festive Garb (Altered),Armor
572, Festive Hood,Armor
573, Festive Hood (Altered),Armor
574, Fevor’s Cookbook [2],Key Items
575, Fia’s Hood,Armor
576, Fia’s Mist,Spells
577, Fia’s Robe,Armor
578, Fia’s Robe (Altered),Armor
579, Finger Maiden Fillet,Armor
580, Finger Maiden Robe,Armor
581, Finger Maiden Robe (Altered),Armor
582, Finger Maiden Set,Armor
583, Finger Maiden Shoes,Armor
584, Finger Maiden Therolina Puppet,Spirit Ashes
585, Finger Seal,Weapons
586, Finger Severer,Multiplayer Items
587, Fingerprint Armor,Armor
588, Fingerprint Armor (Altered),Armor
589, Fingerprint Gauntlets,Armor
590, Fingerprint Grape,Key Items
591, Fingerprint Greaves,Armor
592, Fingerprint Stone Shield,Weapons
593, Fire Grease,Consumables
594, Fire Monk Armor,Armor
595, Fire Monk Ashes,Spirit Ashes
596, Fire Monk Gauntlets,Armor
597, Fire Monk Greaves,Armor
598, Fire Monk Hood,Armor
599, Fire Monks’ Prayerbook,Key Items
600, Fire Pot,Tools
601, Fire Prelate Armor,Armor
602, Fire Prelate Armor (Altered),Armor
603, Fire Prelate Gauntlets,Armor
604, Fire Prelate Greaves,Armor
605, Fire Prelate Helm,Armor
606, Fire Scorpion Charm,Talismans
607, Fire’s Deadly Sin,Spells
608, Fireproof Dried Liver,Consumables
609, Flail,Weapons
610, Flamberge,Weapons
611, Flame Crest Wooden Shield,Weapons
612, Flame Fortification,Spells
613, Flame of the Fell God,Spells
614, Flame Sling,Spells
615, Flame-Shrouding Cracked Tear,Key Items
616," Flame, Cleanse Me",Spells
617," Flame, Fall Upon Them",Spells
618," Flame, Grant Me Strength",Spells
619," Flame, Protect Me",Spells
620, Flamedrake Talisman,Talismans
621, Flamedrake Talisman +1,Talismans
622, Flamedrake Talisman +2,Talismans
623, Flask of Cerulean Tears,Consumables
624, Flask of Crimson Tears,Consumables
625, Flask of Wondrous Physick,Consumables
626, Flight Pinion,Crafting Materials
627, Flock’s Canvas Talisman,Talismans
628, Flowing Curved Sword,Weapons
629, Foot Soldier Cap,Armor
630, Foot Soldier Gauntlets,Armor
631, Foot Soldier Greaves,Armor
632, Foot Soldier Helm,Armor
633, Foot Soldier Helmet,Armor
634, Foot Soldier Tabard,Armor
635, Forked Greatsword,Weapons
636, Forked Hatchet,Weapons
637, Formic Rock,Crafting Materials
638, Fortissax’s Lightning Spear,Spells
639, Founding Rain of Stars,Spells
640, Freezing Mist,Spells
641, Freezing Pot,Tools
642, Frenzied Burst,Spells
643, Frenzied Flame Seal,Weapons
644, Frenzied’s Cookbook [1],Key Items
645, Frenzyflame Stone,Consumables
646, Frostbite,Status Effects
647, Frozen Armament,Spells
648, Frozen Lightning Spear,Spells
649, Frozen Needle,Weapons
650, Full Moon Crossbow,Weapons
651, Fur Leggings,Armor
652, Fur Raiment,Armor
653, Furlcalling Finger Remedy,Multiplayer Items
654, Furled Finger’s Trick-Mirror,Talismans
655, Gargoyle’s Black Axe,Weapons
656, Gargoyle’s Black Blades,Weapons
657, Gargoyle’s Black Halberd,Weapons
658, Gargoyle’s Blackblade,Weapons
659, Gargoyle’s Great Axe,Weapons
660, Gargoyle’s Greatsword,Weapons
661, Gargoyle’s Halberd,Weapons
662, Gargoyle’s Twinblade,Weapons
663, Gavel of Haima,Spells
664, Gelmir Glintstone Staff,Weapons
665, Gelmir Knight Armor,Armor
666, Gelmir Knight Armor (Altered),Armor
667, Gelmir Knight Gauntlets,Armor
668, Gelmir Knight Greaves,Armor
669, Gelmir Knight Helm,Armor
670, Gelmir’s Fury,Spells
671, Ghiza’s Wheel,Weapons
672, Ghost Glovewort [1],Upgrade Materials
673, Ghost Glovewort [2],Upgrade Materials
674, Ghost Glovewort [3],Upgrade Materials
675, Ghost Glovewort [4],Upgrade Materials
676, Ghost Glovewort [5],Upgrade Materials
677, Ghostflame Torch,Weapons
678, Giant Rat Ashes,Spirit Ashes
679, Giant-Crusher,Weapons
680, Giant’s Red Braid,Weapons
681, Giant’s Seal,Weapons
682, Giantsflame Take Thee,Spells
683, Gilded Foot Soldier Cap,Armor
684, Gilded Greatshield,Weapons
685, Gilded Iron Shield,Weapons
686, Glaive,Weapons
687, Glintblade Phalanx,Spells
688, Glintstone Arc,Spells
689, Glintstone Breath,Spells
690, Glintstone Cometshard,Spells
691, Glintstone Craftsman’s Cookbook [1],Key Items
692, Glintstone Craftsman’s Cookbook [4],Key Items
693, Glintstone Craftsman’s Cookbook [6],Key Items
694, Glintstone Craftsman’s Cookbook [7],Key Items
695, Glintstone Craftsman’s Cookbook [2] ,Key Items
696, Glintstone Icecrag,Spells
697, Glintstone Kris,Weapons
698, Glintstone Pebble,Spells
699, Glintstone Scarab,Armor
700, Glintstone Scrap,Consumables
701, Glintstone Sorcerer Ashes,Spirit Ashes
702, Glintstone Staff,Weapons
703, Glintstone Stars,Spells
704, Glowstone,Consumables
705, Godfrey Icon,Talismans
706, Godrick Knight Armor,Armor
707, Godrick Knight Armor (Altered),Armor
708, Godrick Knight Gauntlets,Armor
709, Godrick Knight Greaves,Armor
710, Godrick Knight Helm,Armor
711, Godrick Soldier Ashes,Spirit Ashes
712, Godrick Soldier Gauntlets,Armor
713, Godrick Soldier Greaves,Armor
714, Godrick Soldier Helm,Armor
715, Godrick’s Great Rune,Key Items
716, Godrick’s Great Rune (Restored),Key Items
717, Godskin Apostle Bracelets,Armor
718, Godskin Apostle Hood,Armor
719, Godskin Apostle Robe,Armor
720, Godskin Apostle Trousers,Armor
721, Godskin Noble Bracelets,Armor
722, Godskin Noble Hood,Armor
723, Godskin Noble Robe,Armor
724, Godskin Noble Trousers,Armor
725, Godskin Peeler,Weapons
726, Godskin Prayerbook,Key Items
727, Godskin Stitcher,Weapons
728, Godskin Swaddling Cloth,Talismans
729, Godslayer’s Greatsword,Weapons
730, Godslayer’s Seal,Weapons
731, Gold Bracelets,Armor
732, Gold Scarab,Talismans
733, Gold Sewing Needle,Key Items
734, Gold Waistwrap,Armor
735, Gold-Pickled Fowl Foot,Consumables
736, Gold-Tinged Excrement,Crafting Materials
737, Golden Beast Crest Shield,Weapons
738, Golden Centipede,Crafting Materials
739, Golden Epitaph,Weapons
740, Golden Greatshield,Weapons
741, Golden Halberd,Weapons
742, Golden Lightning Fortification,Spells
743, Golden Order Greatsword,Weapons
744, Golden Order Seal,Weapons
745, Golden Prosthetic,Armor
746, Golden Rune [1],Consumables
747, Golden Rune [2],Consumables
748, Golden Rune [3],Consumables
749, Golden Rune [4],Consumables
750, Golden Rune [5],Consumables
751, Golden Rune [6],Consumables
752, Golden Rune [7],Consumables
753, Golden Seed,Key Items
754, Golden Tailoring Tools,Key Items
755, Golden Vow,Spells
756, Goldmask’s Rags,Armor
757, Golem Greatbow,Weapons
758, Golem’s Halberd,Weapons
759, Grace Mimic,Consumables
760, Grafted Blade Greatsword,Weapons
761, Grafted Dragon,Weapons
762, Grass Hair Ornament,Armor
763, Grave Glovewort [1],Upgrade Materials
764, Grave Glovewort [2],Upgrade Materials
765, Grave Glovewort [3],Upgrade Materials
766, Grave Glovewort [4],Upgrade Materials
767, Grave Scythe,Weapons
768, Gravekeeper Cloak,Armor
769, Gravekeeper Cloak (Altered),Armor
770, Gravel Stone Seal,Weapons
771, Graven-Mass Talisman,Talismans
772, Graven-School Talisman,Talismans
773, Gravity Well,Spells
774, Great Club,Weapons
775, Great Dragonfly Head,Crafting Materials
776, Great Épée,Weapons
777, Great Ghost Glovewort,Upgrade Materials
778, Great Glintstone Shard,Spells
779, Great Heal,Spells
780, Great Horned Headband,Armor
781, Great Knife,Weapons
782, Great Mace,Weapons
783, Great Omenkiller Cleaver,Weapons
784, Great Oracular Bubble,Spells
785, Great Rune of the Unborn,Key Items
786, Great Stars,Weapons
787, Great Turtle Shell,Weapons
788, Great-Jar’s Arsenal,Talismans
789, Greataxe,Weapons
790, Greatblade Phalanx,Spells
791, Greatbow,Weapons
792, Greathelm,Armor
793, Greathood,Armor
794, Greathorn Hammer,Weapons
795, Greatshield Soldier Ashes,Spirit Ashes
796, Greatshield Talisman,Talismans
797, Greatsword,Weapons
798, Green Turtle Talisman,Talismans
799, Greenburst Crystal Tear,Key Items
800, Greenspill Crystal Tear,Key Items
801, Greyoll’s Roar,Spells
802, Grossmesser,Weapons
803, Guardian Bracers,Armor
804, Guardian Garb,Armor
805, Guardian Garb (Full Bloom),Armor
806, Guardian Greaves,Armor
807, Guardian Mask,Armor
808, Guardian’s Swordspear,Weapons
809, Guilty Hood,Armor
810, Gurranq’s Beast Claw,Spells
811, Haima Glintstone Crown,Armor
812, Halberd,Weapons
813, Haligdrake Talisman,Talismans
814, Haligdrake Talisman +1,Talismans
815, Haligdrake Talisman +2,Talismans
816, Haligtree Crest Greatshield,Weapons
817, Haligtree Crest Surcoat,Armor
818, Haligtree Gauntlets,Armor
819, Haligtree Greaves,Armor
820, Haligtree Helm,Armor
821, Haligtree Knight Armor,Armor
822, Haligtree Knight Armor (Altered),Armor
823, Haligtree Knight Gauntlets,Armor
824, Haligtree Knight Greaves,Armor
825, Haligtree Knight Helm,Armor
826, Haligtree Secret Medallion (Right),Key Items
827, Haligtree Soldier Ashes,Spirit Ashes
828, Halo Scythe,Weapons
829, Hammer,Weapons
830, Hammer Talisman,Talismans
831, Hand Axe,Weapons
832, Hand Ballista,Weapons
833, Hand of Malenia,Weapons
834, Harp Bow,Weapons
835, Hawk Crest Wooden Shield,Weapons
836, Heal,Spells
837, Heater Shield,Weapons
838, Heavy Crossbow,Weapons
839, Heavy Meteorite Fragment,Consumables
840, Helphen’s Steeple,Weapons
841, Hemorrhage,Status Effects
842, Herba,Crafting Materials
843, Hierodas Glintstone Crown,Armor
844, High Page Clothes,Armor
845, High Page Clothes (Altered),Armor
846, High Page Hood,Armor
847, Highland Axe,Weapons
848, Highwayman Cloth Armor,Armor
849, Highwayman Gauntlets,Armor
850, Highwayman Hood,Armor
851, Holy-Shrouding Cracked Tear,Key Items
852, Honed Bolt,Spells
853, Hookclaws,Weapons
854, Horn Bow,Weapons
855, Horse Crest Wooden Shield,Weapons
856, Hoslow’s Armor,Armor
857, Hoslow’s Armor (Altered),Armor
858, Hoslow’s Gauntlets,Armor
859, Hoslow’s Greaves,Armor
860, Hoslow’s Helm,Armor
861, Hoslow’s Petal Whip,Weapons
862, Host’s Trick-Mirror,Talismans
863, Howl of Shabriri,Spells
864, Ice Crest Shield,Weapons
865, Icerind Hatchet,Weapons
866, Icon Shield,Weapons
867, Iji’s Mirrorhelm,Armor
868, Immunizing Horn Charm,Talismans
869, Immunizing Horn Charm +1,Talismans
870, Immunizing White Cured Meat,Consumables
871, Immutable Shield,Spells
872, Imp Head (Cat),Armor
873, Imp Head (Corpse),Armor
874, Imp Head (Elder),Armor
875, Imp Head (Fanged),Armor
876, Imp Head (Long-Tongued),Armor
877, Imp Head (Wolf),Armor
878, Incantation Scarab,Armor
879, Inescapable Frenzy,Spells
880, Inquisitor’s Girandole,Weapons
881, Inseparable Sword,Weapons
882, Instant Death,Status Effects
883, Inverted Hawk Heater Shield,Weapons
884, Inverted Hawk Towershield,Weapons
885, Irina’s Letter,Key Items
886, Iron Ball,Weapons
887, Iron Cleaver,Weapons
888, Iron Gauntlets,Armor
889, Iron Greatsword,Weapons
890, Iron Helmet,Armor
891, Iron Kasa,Armor
892, Iron Roundshield,Weapons
893, Iron Spear,Weapons
894, Iron Whetblade,Key Items
895, Ivory Sickle,Weapons
896, Ivory-Draped Tabard,Armor
897, Jar,Armor
898, Jar Cannon,Weapons
899, Jarwight Puppet,Spirit Ashes
900, Jawbone Axe,Weapons
901, Jellyfish Shield,Weapons
902, Juvenile Scholar Cap,Armor
903, Juvenile Scholar Robe,Armor
904, Kaiden Armor,Armor
905, Kaiden Gauntlets,Armor
906, Kaiden Helm,Armor
907, Kaiden Sellsword Ashes,Spirit Ashes
908, Kaiden Trousers,Armor
909, Karolos Glintstone Crown,Armor
910, Katar,Weapons
911, Kindred of Rot Ashes,Spirit Ashes
912, Kindred of Rot’s Exultation,Talismans
913, Kite Shield,Weapons
914, Knight Armor,Armor
915, Knight Gauntlets,Armor
916, Knight Greaves,Armor
917, Knight Helm,Armor
918, Knight’s Greatsword,Weapons
919, Lance,Weapons
920, Lance Talisman,Talismans
921, Land Octopus Ovary,Crafting Materials
922, Land of Reeds Armor,Armor
923, Land of Reeds Armor (Altered),Armor
924, Land of Reeds Gauntlets,Armor
925, Land of Reeds Greaves,Armor
926, Land of Reeds Helm,Armor
927, Land Squirt Ashes,Spirit Ashes
928, Lansseax’s Glaive,Spells
929, Lantern,Tools
930, Large Club,Weapons
931, Large Glintstone Scrap,Consumables
932, Large Leather Shield,Weapons
933, Larval Tear,Key Items
934, Latenna the Albinauric,Spirit Ashes
935, Law of Causality,Spells
936, Law of Regression,Spells
937, Lazuli Glintstone Crown,Armor
938, Lazuli Glintstone Sword,Weapons
939, Lazuli Robe,Armor
940, Leather Armor,Armor
941, Leather Boots,Armor
942, Leather Gloves,Armor
943, Leather Trousers,Armor
944, Leather-Draped Tabard,Armor
945, Leyndell Knight Armor,Armor
946, Leyndell Knight Armor (Altered),Armor
947, Leyndell Knight Gauntlets,Armor
948, Leyndell Knight Greaves,Armor
949, Leyndell Knight Helm,Armor
950, Leyndell Soldier Ashes,Spirit Ashes
951, Leyndell Soldier Gauntlets,Armor
952, Leyndell Soldier Greaves,Armor
953, Leyndell Soldier Helm,Armor
954, Lhutel the Headless,Spirit Ashes
955, Light Crossbow,Weapons
956, Lightning Fortification,Spells
957, Lightning Grease,Consumables
958, Lightning Scorpion Charm,Talismans
959, Lightning Spear,Spells
960, Lightning Strike,Spells
961, Lightning-Shrouded Cracked Tear,Key Items
962, Lion Greatbow,Weapons
963, Lionel’s Armor,Armor
964, Lionel’s Armor (Altered),Armor
965, Lionel’s Gauntlets,Armor
966, Lionel’s Greaves,Armor
967, Lionel’s Helm,Armor
968, Litany of Proper Death,Spells
969, Lone Wolf Ashes,Spirit Ashes
970, Longbow,Weapons
971, Longhaft Axe,Weapons
972, Longsword,Weapons
973, Longtail Cat Talisman,Talismans
974, Lord of Blood’s Exultation,Talismans
975, Lord of Blood’s Robe,Armor
976, Lord of Blood’s Robe (Altered),Armor
977, Lord’s Aid,Spells
978, Lord’s Divine Fortification,Spells
979, Lord’s Heal,Spells
980, Lordsworn’s Greatsword,Weapons
981, Lordsworn’s Shield,Weapons
982, Lordsworn’s Straight Sword,Weapons
983, Loretta’s Greatbow,Spells
984, Loretta’s Mastery,Spells
985, Loretta’s War Sickle,Weapons
986, Lucerne,Weapons
987, Lucidity,Spells
988, Lump of Flesh,Crafting Materials
989, Lusat’s Glintstone Crown,Armor
990, Lusat’s Glintstone Staff,Weapons
991, Lusat’s Manchettes,Armor
992, Lusat’s Robe,Armor
993, Mace,Weapons
994, Mad Pumpkin Head Ashes,Spirit Ashes
995, Madness,Status Effects
996, Magic Downpour,Spells
997, Magic Fortification,Spells
998, Magic Glintblade,Spells
999, Magic Grease,Consumables
1000, Magic Scorpion Charm,Talismans
1001, Magic-Shrouding Cracked Tear,Key Items
1002, Magma Blade,Weapons
1003, Magma Breath,Spells
1004, Magma Shot,Spells
1005, Magma Whip Candlestick,Weapons
1006, Magma Wyrm’s Scalesword,Weapons
1007, Malenia’s Armor,Armor
1008, Malenia’s Armor (Altered),Armor
1009, Malenia’s Gauntlet,Armor
1010, Malenia’s Greaves,Armor
1011, Malenia’s Winged Helm,Armor
1012, Malformed Dragon Armor,Armor
1013, Malformed Dragon Gauntlets,Armor
1014, Malformed Dragon Greaves,Armor
1015, Malformed Dragon Helm,Armor
1016, Maliketh’s Armor,Armor
1017, Maliketh’s Armor (Altered),Armor
1018, Maliketh’s Black Blade,Weapons
1019, Maliketh’s Gauntlets,Armor
1020, Maliketh’s Greaves,Armor
1021, Maliketh’s Helm,Armor
1022, Man-Serpent Ashes,Spirit Ashes
1023, Man-Serpent’s Shield,Weapons
1024, Manor Towershield,Weapons
1025, Mantis Blade,Weapons
1026, Map: Ainsel River,Key Items
1027," Map: Limgrave, East",Key Items
1028," Map: Liurnia, East",Key Items
1029," Map: Liurnia, North",Key Items
1030," Map: Liurnia, West",Key Items
1031, Map: Siofra River,Key Items
1032, Map: Weeping Peninsula,Key Items
1033, Marais Executioner’s Sword,Weapons
1034, Marais Mask,Armor
1035, Marais Robe,Armor
1036, Marika’s Hammer,Weapons
1037, Marika’s Scarseal,Talismans
1038, Marika’s Soreseal,Talismans
1039, Marionette Soldier Armor,Armor
1040, Marionette Soldier Ashes,Spirit Ashes
1041, Marionette Soldier Birdhelm,Armor
1042, Marionette Soldier Helm,Armor
1043, Marred Leather Shield,Weapons
1044, Marred Wooden Shield,Weapons
1045, Mask of Confidence,Armor
1046, Mausoleum Gauntlets,Armor
1047, Mausoleum Greaves,Armor
1048, Mausoleum Knight Armor,Armor
1049, Mausoleum Knight Armor (Altered),Armor
1050, Mausoleum Knight Gauntlets,Armor
1051, Mausoleum Knight Greaves,Armor
1052, Mausoleum Soldier Ashes,Spirit Ashes
1053, Mausoleum Surcoat,Armor
1054, Meeting Place Map,Key Items
1055, Melted Mushroom,Crafting Materials
1056, Memory Stone,Key Items
1057, Meteoric Ore Blade,Weapons
1058, Meteorite,Spells
1059, Meteorite of Astel,Spells
1060, Meteorite Staff,Weapons
1061, Millicent’s Boots,Armor
1062, Millicent’s Gloves,Armor
1063, Millicent’s Prosthesis,Talismans
1064, Millicent’s Robe,Armor
1065, Millicent’s Tunic,Armor
1066, Mimic Tear Ashes,Spirit Ashes
1067, Mimic’s Veil,Tools
1068, Miquella’s Lily,Crafting Materials
1069, Miquellan Knight’s Sword,Weapons
1070, Miranda Sprout Ashes,Spirit Ashes
1071, Misbegotten Shortbow,Weapons
1072, Miséricorde,Weapons
1073, Missionary’s Cookbook [3],Key Items
1074, Mohgwyn’s Sacred Spear,Weapons
1075, Monk’s Flameblade,Weapons
1076, Monk’s Flamemace,Weapons
1077, Moon of Nokstella,Talismans
1078, Moonveil,Weapons
1079, Morgott’s Cursed Sword,Weapons
1080, Morning Star,Weapons
1081, Mottled Necklace,Talismans
1082, Mottled Necklace +1,Talismans
1083, Mushroom,Crafting Materials
1084, Mushroom Arms,Armor
1085, Mushroom Body,Armor
1086, Mushroom Crown,Armor
1087, Mushroom Head,Armor
1088, Mushroom Legs,Armor
1089, Nagakiba,Weapons
1090, Nascent Butterfly,Crafting Materials
1091, Navy Hood,Armor
1092, Nepheli Loux Puppet,Spirit Ashes
1093, Neutralizing Boluses,Consumables
1094, Night Comet,Spells
1095, Night Maiden Armor,Armor
1096, Night Maiden Twin Crown,Armor
1097, Night Maiden’s Mist,Spells
1098, Night Shard,Spells
1099, Night’s Cavalry Armor,Armor
1100, Night’s Cavalry Armor (Altered),Armor
1101, Night’s Cavalry Gauntlets,Armor
1102, Night’s Cavalry Greaves,Armor
1103, Night’s Cavalry Helm,Armor
1104, Night’s Cavalry Helm (Altered),Armor
1105, Nightmaiden & Swordstress Puppets,Spirit Ashes
1106, Nightrider Flail,Weapons
1107, Nightrider Glaive,Weapons
1108, Noble Presence,Spells
1109, Noble Sorcerer Ashes,Spirit Ashes
1110, Noble’s Estoc,Weapons
1111, Noble’s Gloves,Armor
1112, Noble’s Slender Sword,Weapons
1113, Noble’s Traveling Garb,Armor
1114, Noble’s Trousers,Armor
1115, Nomad Ashes,Spirit Ashes
1116, Nomadic Merchant’s Chapeau,Armor
1117, Nomadic Merchant’s Finery,Armor
1118, Nomadic Merchant’s Finery (Altered),Armor
1119, Nomadic Merchant’s Trousers,Armor
1120, Nomadic Warrior’s Cookbook [10],Key Items
1121, Nomadic Warrior’s Cookbook [12],Key Items
1122, Nomadic Warrior’s Cookbook [14],Key Items
1123, Nomadic Warrior’s Cookbook [16],Key Items
1124, Nomadic Warrior’s Cookbook [17],Key Items
1125, Nomadic Warrior’s Cookbook [18],Key Items
1126, Nomadic Warrior’s Cookbook [8],Key Items
1127, Nomadic Warrior’s Cookbook [9],Key Items
1128, Note: The Lord of Frenzied Flame,Key Items
1129, Nox Flowing Hammer,Weapons
1130, Nox Flowing Sword,Weapons
1131, Nox Mirrorhelm,Armor
1132, Nox Monk Armor,Armor
1133, Nox Monk Armor (Altered),Armor
1134, Nox Monk Bracelets,Armor
1135, Nox Monk Greaves,Armor
1136, Nox Monk Hood,Armor
1137, Nox Monk Hood (Altered),Armor
1138, Nox Swordstress Armor,Armor
1139, Nox Swordstress Armor (Altered),Armor
1140, Nox Swordstress Crown,Armor
1141, Nox Swordstress Crown (Altered),Armor
1142," O, Flame!",Spells
1143, Octopus Head,Armor
1144, Official’s Attire,Armor
1145, Okina Mask,Armor
1146, Old Aristocrat Cowl,Armor
1147, Old Aristocrat Gown,Armor
1148, Old Aristocrat Shoes,Armor
1149, Old Fang,Crafting Materials
1150, Old Lord’s Talisman,Talismans
1151, Old Sorcerer’s Legwraps,Armor
1152, Olivinus Glintstone Crown,Armor
1153, Omen Armor,Armor
1154, Omen Cleaver,Weapons
1155, Omen Gauntlets,Armor
1156, Omen Greaves,Armor
1157, Omen Helm,Armor
1158, Omenkiller Boots,Armor
1159, Omenkiller Long Gloves,Armor
1160, Omenkiller Robe,Armor
1161, Omenkiller Rollo,Spirit Ashes
1162, Omensmirk Mask,Armor
1163, One-Eyed Shield,Weapons
1164, Onyx Lord’s Greatsword,Weapons
1165, Opaline Bubbletear,Key Items
1166, Oracle Bubbles,Spells
1167, Oracle Envoy Ashes,Spirit Ashes
1168, Order Healing,Spells
1169, Order’s Blade,Spells
1170, Ordovis’s Greatsword,Weapons
1171, Ornamental Straight Sword,Weapons
1172, Page Ashes,Spirit Ashes
1173, Page Garb,Armor
1174, Page Garb (Altered),Armor
1175, Page Hood,Armor
1176, Page Trousers,Armor
1177, Parrying Dagger,Weapons
1178, Partisan,Weapons
1179, Patches’ Bell Bearing,Key Items
1180, Pearldrake Talisman,Talismans
1181, Pearldrake Talisman +1,Talismans
1182, Pearldrake Talisman +2,Talismans
1183, Perfumer Gloves,Armor
1184, Perfumer Hood,Armor
1185, Perfumer Robe,Armor
1186, Perfumer Robe (Altered),Armor
1187, Perfumer Sarong,Armor
1188, Perfumer Tricia,Spirit Ashes
1189, Perfumer’s Cookbook [4],Key Items
1190, Perfumer’s Shield,Weapons
1191, Perfumer’s Talisman,Talismans
1192, Perfumer’s Traveling Garb,Armor
1193, Perfumer’s Traveling Garb (Altered),Armor
1194, Pest Threads,Spells
1195, Pest’s Glaive,Weapons
1196, Pickaxe,Weapons
1197, Pickled Turtle Neck,Consumables
1198, Pickled Turtle Neck,Consumables
1199, Pike,Weapons
1200, Pillory Shield,Weapons
1201, Placidusax’s Ruin,Spells
1202, Poison,Status Effects
1203, Poison Armament,Spells
1204, Poison Grease,Consumables
1205, Poison Mist,Spells
1206, Poisonbloom,Crafting Materials
1207, Poisonbone Dart,Tools
1208, Prattling Pate “Hello”,Tools
1209, Prattling Pate “Please Help”,Tools
1210, Prattling Pate “Thank you”,Tools
1211, Prattling Pate “Wonderful”,Tools
1212, Preceptor’s Big Hat,Armor
1213, Preceptor’s Gloves,Armor
1214, Preceptor’s Long Gown,Armor
1215, Preceptor’s Long Gown (Altered),Armor
1216, Preceptor’s Trousers,Armor
1217, Prelate’s Inferno Crozier,Weapons
1218, Preserving Boluses,Consumables
1219, Primal Glintstone Blade,Talismans
1220, Prince of Death’s Cyst,Talismans
1221, Prince of Death’s Pustule,Talismans
1222, Prince of Death’s Staff,Weapons
1223, Prisoner Clothing,Armor
1224, Prisoner Iron Mask,Armor
1225, Prisoner Trousers,Armor
1226, Prophet Blindfold,Armor
1227, Prophet Robe,Armor
1228, Prophet Robe (Altered),Armor
1229, Prophet Set,Armor
1230, Prophet Trousers,Armor
1231, Prosthesis-Wearer Heirloom,Talismans
1232, Protection of the Erdtree,Spells
1233, Pulley Bow,Weapons
1234, Pulley Crossbow,Weapons
1235, Pumpkin Helm,Armor
1236, Putrid Corpse Ashes,Spirit Ashes
1237, Queen’s Bracelets,Armor
1238, Queen’s Crescent Crown,Armor
1239, Queen’s Leggings,Armor
1240, Queen’s Robe,Armor
1241, Radagon Icon,Talismans
1242, Radagon’s Rings of Light,Spells
1243, Radagon’s Scarseal,Talismans
1244, Radagon’s Soreseal,Talismans
1245, Radahn Soldier Ashes,Spirit Ashes
1246, Radahn Soldier Gauntlets,Armor
1247, Radahn Soldier Greaves,Armor
1248, Radahn Soldier Helm,Armor
1249, Radahn’s Gauntlets,Armor
1250, Radahn’s Greaves,Armor
1251, Radahn’s Lion Armor,Armor
1252, Radahn’s Lion Armor (Altered),Armor
1253, Radahn’s Redmane Helm,Armor
1254, Radiant Gold Mask,Armor
1255, Ragged Armor,Armor
1256, Ragged Armor (Altered),Armor
1257, Ragged Gloves,Armor
1258, Ragged Hat,Armor
1259, Ragged Hat (Altered),Armor
1260, Ragged Loincloth,Armor
1261, Raging Wolf Armor,Armor
1262, Raging Wolf Armor (Altered),Armor
1263, Raging Wolf Gauntlets,Armor
1264, Raging Wolf Greaves,Armor
1265, Raging Wolf Helm,Armor
1266, Raging Wolf Set,Armor
1267, Rainbow Stone,Consumables
1268, Rancor Pot,Consumables
1269, Rancorcall,Spells
1270, Ranni’s Dark Moon,Spells
1271, Rapier,Weapons
1272, Raptor Talons,Weapons
1273, Raptor’s Black Feathers,Armor
1274, Raya Lucaria Soldier Ashes,Spirit Ashes
1275, Raya Lucarian Gauntlets,Armor
1276, Raya Lucarian Greaves,Armor
1277, Raya Lucarian Helm,Armor
1278, Raya Lucarian Robe,Armor
1279, Raya Lucarian Set,Armor
1280, Red Branch Shortbow,Weapons
1281, Red Crest Heater Shield,Weapons
1282, Red Thorn Roundshield,Weapons
1283, Red-Feathered Branchsword,Talismans
1284, Redmane Greatshield,Weapons
1285, Redmane Knight Armor,Armor
1286, Redmane Knight Armor (Altered),Armor
1287, Redmane Knight Gauntlets,Armor
1288, Redmane Knight Greaves,Armor
1289, Redmane Knight Helm,Armor
1290, Redmane Knight Ogha,Spirit Ashes
1291, Redmane Surcoat,Armor
1292, Reduvia,Weapons
1293, Regalia of Eochaid,Weapons
1294, Rejection,Spells
1295, Remembrance of the Full Moon Queen,Remembrances
1296, Remembrance of the Grafted,Remembrances
1297, Rennala’s Full Moon,Spells
1298, Rickety Shield,Weapons
1299, Rift Shield,Weapons
1300, Rimed Crystal Bud,Crafting Materials
1301, Ringed Finger,Weapons
1302, Ripple Blade,Weapons
1303, Ripple Crescent Halberd,Weapons
1304, Ritual Pot,Key Items
1305, Ritual Shield Talisman,Talismans
1306, Ritual Sword Talisman,Talismans
1307, Rivers of Blood,Weapons
1308, Riveted Wooden Shield,Weapons
1309, Roar Medallion,Talismans
1310, Rock Blaster,Spells
1311, Rock Sling,Spells
1312, Rogier’s Rapier,Weapons
1313, Roiling Magma,Spells
1314, Ronin’s Armor,Armor
1315, Ronin’s Armor (Altered),Armor
1316, Ronin’s Gauntlets,Armor
1317, Ronin’s Greaves,Armor
1318, Root Resin,Crafting Materials
1319, Rosus’ Axe,Weapons
1320, Rotten Battle Hammer,Weapons
1321, Rotten Breath,Spells
1322, Rotten Crystal Spear,Weapons
1323, Rotten Crystal Staff,Weapons
1324, Rotten Crystal Sword,Weapons
1325, Rotten Duelist Greaves,Armor
1326, Rotten Duelist Helm,Armor
1327, Rotten Gravekeeper Cloak,Armor
1328, Rotten Gravekeeper Cloak (Altered),Armor
1329, Rotten Greataxe,Weapons
1330, Rotten Staff,Weapons
1331, Rotten Stray Ashes,Spirit Ashes
1332, Rotten Winged Sword Insignia,Talismans
1333, Round Shield,Weapons
1334, Rowa Fruit,Crafting Materials
1335, Royal Greatsword,Weapons
1336, Royal House Scroll,Key Items
1337, Royal Knight Armor,Armor
1338, Royal Knight Armor (Altered),Armor
1339, Royal Knight Gauntlets,Armor
1340, Royal Knight Greaves,Armor
1341, Royal Knight Helm,Armor
1342, Royal Remains Armor,Armor
1343, Royal Remains Gauntlets,Armor
1344, Royal Remains Greaves,Armor
1345, Royal Remains Helm,Armor
1346, Ruin Fragment,Crafting Materials
1347, Ruins Greatsword,Weapons
1348, Ruler’s Mask,Armor
1349, Ruler’s Robe,Armor
1350, Rune Arc,Consumables
1351, Ruptured Crystal Tear,Key Items
1352, Rusted Anchor,Weapons
1353, Rusty Key,Key Items
1354, Rya’s Necklace,Key Items
1355, Rykard’s Rancor,Spells
1356, Sacred Crown Helm,Armor
1357, Sacred Relic Sword,Weapons
1358, Sacred Scorpion Charm,Talismans
1359, Sacred Tear,Crafting Materials
1360, Sacrificial Axe,Weapons
1361, Sacrificial Twig,Talismans
1362, Sage Armor Set,Armor
1363, Sage Hood,Armor
1364, Sage Robe,Armor
1365, Sage Trousers,Armor
1366, Sanctuary Stone,Crafting Materials
1367, Sanguine Noble Hood,Armor
1368, Sanguine Noble Robe,Armor
1369, Sanguine Noble Waistcloth,Armor
1370, Scale Armor,Armor
1371, Scaled Armor,Armor
1372, Scaled Armor (Altered),Armor
1373, Scaled Gauntlets,Armor
1374, Scaled Greaves,Armor
1375, Scaled Helm,Armor
1376, Scarlet Aeonia,Spells
1377, Scarlet Rot,Status Effects
1378, Scarlet Tabard,Armor
1379, Scavenger’s Curved Sword,Weapons
1380, Scepter of the All-Knowing,Weapons
1381, Scholar’s Armament,Spells
1382, Scholar’s Shield,Spells
1383, Scimitar,Weapons
1384, Scorpion Kite Shield,Weapons
1385, Scorpion’s Stinger,Weapons
1386, Scouring Black Flame,Spells
1387, Scripture Wooden Shield,Weapons
1388, Scythe,Weapons
1389, Sentry’s Torch,Weapons
1390, Serpent Arrow,Ammunition
1391, Serpent Bow,Weapons
1392, Serpent-God’s Curved Sword,Weapons
1393, Serpent-Hunter,Weapons
1394, Serpentbone Blade,Weapons
1395, Sewing Needle,Key Items
1396, Shabriri Grape,Key Items
1397, Shabriri’s Woe,Talismans
1398, Shadow Bait,Spells
1399, Shaman Furs,Armor
1400, Shaman Leggings,Armor
1401, Shamshir,Weapons
1402, Shard of Alexander,Talismans
1403, Shard Spiral,Spells
1404, Shatter Earth,Spells
1405, Shattering Crystal,Spells
1406, Shield of the Guilty,Weapons
1407, Shining Horned Headband,Armor
1408, Short Spear,Weapons
1409, Short Sword,Weapons
1410, Shortbow,Weapons
1411, Shotel,Weapons
1412, Siluria’s Tree,Weapons
1413, Silver Firefly,Crafting Materials
1414, Silver Mirrorshield,Weapons
1415, Silver Scarab,Talismans
1416, Silver Tear Mask,Armor
1417, Silver-Pickled Fowl Foot,Consumables
1418, Skeletal Bandit Ashes,Spirit Ashes
1419, Skeletal Mask,Armor
1420, Skeletal Militiaman Ashes,Spirit Ashes
1421, Sleep,Status Effects
1422, Sliver of Meat,Crafting Materials
1423, Slumbering Egg,
1424, Small Golden Effigy,Multiplayer Items
1425, Small Red Effigy,Multiplayer Items
1426, Smarag’s Glintstone Breath,Spells
1427, Smithing Stone [1],Upgrade Materials
1428, Smithing Stone [2],Upgrade Materials
1429, Smithing Stone [3],Upgrade Materials
1430, Smithing Stone [4],Upgrade Materials
1431, Smithing Stone Shard,Upgrade Materials
1432, Smithing-Stone Miner’s Bell Bearing [1],Key Items
1433, Smoldering Butterfly,Crafting Materials
1434, Smoldering Shield,Weapons
1435, Smouldering Butterfly,Crafting Materials
1436, Snow Witch Hat,Armor
1437, Snow Witch Robe,Armor
1438, Snow Witch Robe (Altered),Armor
1439, Snow Witch Skirt,Armor
1440, Soap,Consumables
1441, Soldier’s Crossbow,Weapons
1442, Soldjars of Fortune Ashes,Spirit Ashes
1443, Somber Smithing Stone [1],Upgrade Materials
1444, Somber Smithing Stone [2],Upgrade Materials
1445, Somber Smithing Stone [3],Upgrade Materials
1446, Somber Smithing Stone [5],Upgrade Materials
1447, Sorcerer Leggings,Armor
1448, Sorcerer Manchettes,Armor
1449, Spear,Weapons
1450, Spear Talisman,Talismans
1451, Spear+7,Weapons
1452, Spectral Steed Whistle,Tools
1453, Spellblade’s Gloves,Armor
1454, Spellblade’s Pointed Hat,Armor
1455, Spellblade’s Traveling Attire,Armor
1456, Spellblade’s Traveling Attire (Altered),Armor
1457, Spellblade’s Trousers,Armor
1458, Spelldrake Talisman,Talismans
1459, Spelldrake Talisman +1,Talismans
1460, Spelldrake Talisman +2,Talismans
1461, Spellproof Dried Liver,Consumables
1462, Spells,Spells
1463, Spiked Caestus,Weapons
1464, Spiked Club,Weapons
1465, Spiked Cracked Tear,Key Items
1466, Spiked Palisade Shield,Weapons
1467, Spiked Spear,Weapons
1468, Spiralhorn Shield,Weapons
1469, Spirit Ashes,Spirit Ashes
1470, Spirit Calling Bell,Key Items
1471, Spirit Jellyfish Ashes,Spirit Ashes
1472, St. Trina’s Arrow,Ammunition
1473, St. Trina’s Torch,Weapons
1474, Staff of Loss,Weapons
1475, Staff of the Avatar,Weapons
1476, Staff of the Guilty,Weapons
1477, Stalwart Horn Charm,Talismans
1478, Stalwart Horn Charm +1,Talismans
1479, Star Fist,Weapons
1480, Star Shower,Spells
1481, Stargazer Heirloom,Talismans
1482, Starlight,Spells
1483, Stars of Ruin,Spells
1484, Starscourge Greatsword,Weapons
1485, Starscourge Heirloom,Talismans
1486, Steel-Wire Torch,Weapons
1487, Stone Club,Weapons
1488, Stone of Gurranq,Spells
1489, Stonesword Key,Key Items
1490, Stormhawk Axe,Weapons
1491, Stormhawk Deenh,Spirit Ashes
1492, Strength-knot Crystal Tear,Key Items
1493, String,Crafting Materials
1494, Sun Realm Shield,Weapons
1495," Surge, O Flame!",Spells
1496, Swarm of Flies,Spells
1497, Swift Glintstone Shard,Spells
1498, Sword of Milos,Weapons
1499, Sword of Night and Flame,Weapons
1500, Sword of St. Trina,Weapons
1501, Tailoring Tools,Key Items
1502, Taker’s Cameo,Talismans
1503, Talisman Pouch,Key Items
1504, Talismans,Talismans
1505, Tarnished Blossom,Crafting Materials
1506, Tarnished’s Furled Finger,Multiplayer Items
1507, Tarnished’s Wizened Finger,Multiplayer Items
1508, Taunter’s Tongue,Multiplayer Items
1509, Telescope,Tools
1510, Terra Magicus,Spells
1511, The Flame of Frenzy,Spells
1512, Theodorix’s Magma,Spells
1513, Thops’s Barrier,Spells
1514, Thorned Whip,Weapons
1515, Throwing Dagger,Tools
1516, Tibia’s Summons,Spells
1517, Torch,Weapons
1518, Torchpole,Weapons
1519, Traveler’s Boots,Armor
1520, Traveler’s Clothes,Armor
1521, Traveler’s Gloves,Armor
1522, Traveler’s Hat,Armor
1523, Traveler’s Manchettes,Armor
1524, Traveler’s Slops,Armor
1525, Traveling Maiden Boots,Armor
1526, Traveling Maiden Gloves,Armor
1527, Traveling Maiden Hood,Armor
1528, Traveling Maiden Robe,Armor
1529, Traveling Maiden Robe (Altered),Armor
1530, Tree Sentinel Armor,Armor
1531, Tree Sentinel Armor (Altered),Armor
1532, Tree Sentinel Gauntlets,Armor
1533, Tree Sentinel Greaves,Armor
1534, Tree Sentinel Helm,Armor
1535, Tree Surcoat,Armor
1536, Tree-and-Beast Surcoat,Armor
1537, Treespear,Weapons
1538, Triple Rings of Light,Spells
1539, Troll Knight’s Sword,Weapons
1540, Troll’s Golden Sword,Weapons
1541, Troll’s Hammer,Weapons
1542, Twinbird Kite Shield,Weapons
1543, Twinblade,Weapons
1544, Twinblade Talisman,Talismans
1545, Twinned Armor,Armor
1546, Twinned Armor (Altered),Armor
1547, Twinned Gauntlets,Armor
1548, Twinned Greaves,Armor
1549, Twinned Helm,Armor
1550, Twinned Knight Swords,Weapons
1551, Twinsage Glintstone Crown,Armor
1552, Twinsage Sorcerer Ashes,Spirit Ashes
1553, Two Fingers Heirloom,Talismans
1554, Uchigatana,Weapons
1555, Unendurable Frenzy,Spells
1556, Unseen Blade,Spells
1557, Unseen Form,Spells
1558, Upper-Class Robe,Armor
1559, Urgent Heal,Spells
1560, Urumi,Weapons
1561, Vagabond Knight Armor,Armor
1562, Vagabond Knight Armor (Altered),Armor
1563, Vagabond Knight Gauntlets,Armor
1564, Vagabond Knight Greaves,Armor
1565, Vagabond Knight Helm,Armor
1566, Varré’s Bouquet,Weapons
1567, Venomous Fang,Weapons
1568, Veteran’s Armor,Armor
1569, Veteran’s Armor (Altered),Armor
1570, Veteran’s Gauntlets,Armor
1571, Veteran’s Greaves,Armor
1572, Veteran’s Helm,Armor
1573, Veteran’s Prosthesis,Weapons
1574, Viridian Amber Medallion,Talismans
1575, Viridian Amber Medallion +1,Talismans
1576, Viridian Amber Medallion +2,Talismans
1577, Visage Shield,Weapons
1578, Vision of Grace,Consumables
1579, Volcano Manor Invitation,Key Items
1580, Vulgar Militia Armor,Armor
1581, Vulgar Militia Ashes,Spirit Ashes
1582, Vulgar Militia Gauntlets,Armor
1583, Vulgar Militia Greaves,Armor
1584, Vulgar Militia Helm,Armor
1585, Vulgar Militia Saw,Weapons
1586, Vulgar Militia Shotel,Weapons
1587, Vyke’s Dragonbolt,Spells
1588, Vyke’s War Spear,Weapons
1589, Wakizashi,Weapons
1590, Wandering Noble Ashes,Spirit Ashes
1591, War Surgeon Gloves,Armor
1592, War Surgeon Gown,Armor
1593, War Surgeon Gown (Altered),Armor
1594, War Surgeon Trousers,Armor
1595, Warhawk Ashes,Spirit Ashes
1596, Warhawk’s Talon,Weapons
1597, Warming Stone,Consumables
1598, Warped Axe,Weapons
1599, Warpick,Weapons
1600, Warrior Gauntlets,Armor
1601, Warrior Greaves,Armor
1602, Warrior Jar Shard,Talismans
1603, Watchdog’s Greatsword,Weapons
1604, Watchdog’s Staff,Weapons
1605, Weapons,Weapons
1606, Weathered Straight Sword,Weapons
1607, Whetstone Knife,Key Items
1608, Whip,Weapons
1609," Whirl, O Flame!",Spells
1610, White Cipher Ring,Multiplayer Items
1611, White Mask,Armor
1612, White Reed Armor,Armor
1613, White Reed Gauntlets,Armor
1614, White Reed Greaves,Armor
1615, Wing of Astel,Weapons
1616, Winged Greathorn,Weapons
1617, Winged Misbegotten Ashes,Spirit Ashes
1618, Winged Scythe,Weapons
1619, Winged Sword Insignia,Talismans
1620, Witch’s Glintstone Crown,Armor
1621, Wooden Greatshield,Weapons
1622, Wrath of Gold,Spells
1623, Yellow Ember,Crafting Materials
1624, Zamor Armor,Armor
1625, Zamor Bracelets,Armor
1626, Zamor Curved Sword,Weapons
1627, Zamor Ice Storm,Spells
1628, Zamor Legwraps,Armor
1629, Zamor Mask,Armor
1630, Zweihander,Weapons
